type	exactId	action	canonicalName	loaders	sourceBuildTargets	descriptorSource
MOD	advanced-xray-fabric	DENY	Advanced XRay - legacy Fabric codebase	Fabric	1.21.5	https://raw.githubusercontent.com/AdvancedXRay/XRay-Fabric/1351f0776f6cb634ff0d502435f220ea501ad576/src/main/resources/fabric.mod.json
MOD	aegis	DENY	Aegis Client	Fabric	1.20.4	https://raw.githubusercontent.com/aegisclient/client/8d20597359f49e9028c3dfc43888bab3c760bce9/src/main/resources/fabric.mod.json
MOD	alien	DENY	Alien	Fabric	1.20.4	https://raw.githubusercontent.com/iM4dCat/Alien/8a4348bce4d9a2cefe020da71d988a48a1a54a21/src/main/resources/fabric.mod.json
MOD	aoba	DENY	Aoba Client	Fabric	26.2	https://raw.githubusercontent.com/Cocolots/Aoba-Client/c698b09d4f4e76db4b1dee0a0d6b2051324b9ce0/src/main/resources/fabric.mod.json
MOD	ares	DENY	Ares	Fabric,Forge	1.12.2,1.16.5,1.17.1,1.18.1	https://raw.githubusercontent.com/AresClient/ares/c60af6fddc11c9dee0676a8c4a21fc9b2f0aafcb/ares-fabric-1.16/src/main/resources/fabric.mod.json
MOD	atianxray	ALERT	ate47 Xray legacy Forge descriptor	Forge	1.17.x (legacy descriptor; build not verified)	https://raw.githubusercontent.com/ate47/Xray/74367d98ec04d1aa7029e70f0ab083033e5c91f5/src/main/resources/META-INF/mods.toml
MOD	baritoe	ALERT	Baritone	Fabric,Forge,NeoForge	1.21.4	https://raw.githubusercontent.com/cabaletta/baritone/3d3da10b0cb0fb71a80ffb2fe673fac6927924d2/forge/src/main/resources/META-INF/mods.toml
MOD	baritone	ALERT	Baritone	Fabric,Forge,NeoForge	1.21.4	https://raw.githubusercontent.com/cabaletta/baritone/3d3da10b0cb0fb71a80ffb2fe673fac6927924d2/fabric/src/main/resources/fabric.mod.json
MOD	blackout	DENY	BlackOut Meteor add-on	Fabric	1.21.1	https://raw.githubusercontent.com/KassuK1/BlackOut/4c18af3f58040e4ff4337b81cf627daacbdfba14/src/main/resources/fabric.mod.json
MOD	bleachhack	DENY	BleachHack	Fabric	1.19.4	https://raw.githubusercontent.com/BleachDev/BleachHack/2a30d34be73aa62484bb1ede97a7f657044fe333/src/main/resources/fabric.mod.json
MOD	earthhack	DENY	3arthh4ck	Forge	1.12.2	https://raw.githubusercontent.com/3arthqu4ke/3arthh4ck/211660641696fbd43edadc37471cdcb21dfa392d/src/main/resources/mcmod.info
MOD	fdpclient	DENY	FDPClient	Forge	1.8.9	https://raw.githubusercontent.com/SkidderMC/FDPClient/07d03078b3fe12ac7278c678f56d0e7f607fbec2/src/main/resources/mcmod.info
MOD	forgehax	DENY	ForgeHax	Forge	1.16.5	https://raw.githubusercontent.com/fr1kin/ForgeHax/7c954394b1e9a341526e34d7884222ceaa508640/src/main/resources/META-INF/mods.toml
MOD	hypnotic	DENY	Hypnotic Client	Fabric	1.19	https://raw.githubusercontent.com/Hypnotic-Development/Hypnotic-Client/ec9daf0586d37af0f4f9bac2817636c34c1270ac/src/main/resources/fabric.mod.json
MOD	jex	DENY	Jex Client	Fabric	1.19.2	https://raw.githubusercontent.com/DustinRepo/JexClient/017ce1229fc446f66eee5c564ce28af142368f3d/src/main/resources/fabric.mod.json
MOD	kami	DENY	KAMI	Fabric	1.16.5	https://raw.githubusercontent.com/zeroeightysix/KAMI/7195851c1c319cdd0b79ff5618fde7e2f1b7ab5a/src/main/resources/fabric.mod.json
MOD	kamiblue	DENY	KAMI Blue	Forge	1.12.2	https://raw.githubusercontent.com/kami-blue/client/5a9e51a124cf18ec2e73b63a8dc2e2fbb0d3a43a/src/main/resources/mcmod.info
MOD	keystrokesmod	ALERT	Raven (ambiguous KeystrokesMod identity)	Forge	1.8.9	https://raw.githubusercontent.com/K-ov/Raven/5f18282e78418a99ac4167fde3e90c49fa2487b5/src/main/resources/mcmod.info
MOD	lambda	DENY	Lambda / Lambda Legacy	Fabric,Forge	1.12.2,1.21.11	https://raw.githubusercontent.com/lambda-client/lambda/92da438fc39c27009f90b7b69196555454c9c096/src/main/resources/fabric.mod.json
MOD	liquidbounce	DENY	LiquidBounce	Fabric	26.2	https://raw.githubusercontent.com/CCBlueX/LiquidBounce/1ed823acf30b0fb2ee0c1a816fcd04b7c012c16d/src/main/resources/fabric.mod.json
MOD	mastermind	DENY	MasterMind Fabric	Fabric	1.21.6	https://raw.githubusercontent.com/Snowiiii/MasterMind-Fabric/1435f12071a75140db988c24dae082b9be4ec951/src/main/resources/fabric.mod.json
MOD	meteor-client	DENY	Meteor Client	Fabric	26.2	https://raw.githubusercontent.com/MeteorDevelopment/meteor-client/5f274f542342d2525bd2c32b9ce677b4ccddc527/src/main/resources/fabric.mod.json
MOD	meteor-rejects	DENY	Meteor Rejects	Fabric	1.21.11	https://raw.githubusercontent.com/AntiCope/meteor-rejects/6a56030ca7481daf9655ca67d3c0750b9fdf1f8b/src/main/resources/fabric.mod.json
MOD	salhack	DENY	SalHack / Creepy SalHack	Forge	1.12.2	https://raw.githubusercontent.com/ionar2/spidermod/71540547486c11985d6533df45c71a6ad5b22841/src/main/resources/mcmod.info
MOD	seppukumod	DENY	Seppuku	Forge	1.12.2	https://raw.githubusercontent.com/seppukudevelopment/seppuku/7956c5d6f74fac43e04e3f6466c4e7d236096e78/src/main/resources/mcmod.info
MOD	streak-addon	DENY	Trouser Streak	Fabric	26.2	https://raw.githubusercontent.com/etianl/Trouser-Streak/d4f535813ff6df3bbb998e71e15f148dab4c672f/src/main/resources/fabric.mod.json
MOD	thunderhack	DENY	ThunderHack Recode	Fabric	1.21	https://raw.githubusercontent.com/Pan4ur/ThunderHack-Recode/49c76bcc5a5e4fbd12b06305c09f0c8fb76c510b/src/main/resources/fabric.mod.json
MOD	trollhack	DENY	TrollHack	Fabric,NeoForge	1.21.11	https://raw.githubusercontent.com/Luna5ama/TrollHack/fbd6a8d74426f653de61ca8bd09e80a488af4398/fabric/src/main/resources/fabric.mod.json
MOD	wurst	DENY	Wurst 7	Fabric	26.2	https://raw.githubusercontent.com/Wurst-Imperium/Wurst7/15969f6394c9e263624d696108f7075939d4d7f7/src/main/resources/fabric.mod.json
MOD	wurstplus	DENY	Wurst+2	Forge	1.12.2	https://raw.githubusercontent.com/TrvsF/wurstplus-two/b6cbe48605e090186a2c507e0c046cfd8825c59c/src/main/resources/mcmod.info
MOD	xray	DENY	Xray shared ID (Advanced XRay / ate47 / Deltinha)	Fabric,NeoForge	1.21.4,1.21.7,26.3	https://raw.githubusercontent.com/AdvancedXRay/XRay-Mod/63c6e61754040f57308b7207c688364f686a2079/fabric/src/main/resources/fabric.mod.json
